001_Lake Lotus Root_Lotus Root_Củ sen hồ_Củ sen
002_Lotus Root Tip_Lotus Root Tip_Ngó sen_Ngó sen
003_Lemongrass_Lemongrass_Sả_Sả
004_Lotus Root_Lotus Root_Củ sen_Củ sen
005_Shredded Kelp_Seaweed_Rong biển thái sợi_Rong biển
006_Orchid_Orchid_Hoa lan_Hoa lan
007_Broccoli_Broccoli_Bông cải xanh_Bông cải xanh
008_Spring Bamboo Shoots_Bamboo Shoot_Măng mùa xuân_Măng
009_Winter Bamboo Shoots_Bamboo Shoot_Măng mùa đông_Măng
010_Asparagus Lettuce_Asparagus Lettuce_Rau diếp ngồng_Rau diếp ngồng
011_Peeled Zizania Latifolia_Peeled Zizania Latifolia_Cỏ lác bóc vỏ_Cỏ lác bóc vỏ
012_Celery_Celery_Cần tây_Cần tây
013_Wildcelery Herb_Celery_Rau cần nước_Cần tây
014_Bunching Onion_Green onion_Hành lá_Hành lá
015_Ginger_Ginger_Gừng_Gừng
016_Chive_Green onion_Hẹ_Hành lá
017_Shallot_Shallot_Hành tím_Hành tím
018_Garlic Bud_Garlic_Nụ tỏi_Tỏi
019_Garlic Leaves_Garlic Leaves_Lá tỏi_Lá tỏi
020_Dust Celery_Celery_Cần tây bụi_Cần tây
021_Green Garlic_Garlic_Tỏi tươi_Tỏi
022_Parsley_Parsley_Ngò rí (rau mùi)_Ngò rí
023_Ginger_Ginger_Gừng_Gừng
024_Scallion_Green onion_Hành lá_Hành lá
025_See You Tomorrow_Enoki mushroom_Nấm kim châm_Nấm kim châm
026_Agaric_Black fungus_Nấm mèo_Nấm mèo
027_Fresh Mushroom_Shiitake Mushrooms_Nấm tươi_Nấm hương
028_King Trumpet Mushroom_King Trumpet Mushroom_Nấm đùi gà_Nấm đùi gà
029_Pleurotus Geesteranus_Oyster Mushroon_Nấm bào ngư trắng_Nấm bào ngư
030_Sauce Pepper_Chilli_Ớt chuông sốt_Ớt
031_Pickled Mustard Tuber_Pickled Mustard Tuber_Củ cải muối_Củ cải muối
032_Hypsizigus Marmoreus_Hypsizigus Marmoreus_Nấm linh chi trắng_Nấm linh chi trắng
033_Tricholoma_Tricholoma_Nấm tràm_Nấm tràm
034_Mushroom_Mushroom_Nấm rơm_Nấm
035_Oyster Mushroon_Oyster Mushroon_Nấm bào ngư_Nấm bào ngư
036_Malabar Spinach_Malabar Spinach_Mồng tơi_Mồng tơi
037_Collybia Albuminosa_Collybia Albuminosa_Nấm mỡ trắng_Nấm mỡ trắng
038_Red Pepper_Bell Pepper_Ớt đỏ_Ớt chuông
039_Yellow Pepper_Bell Pepper_Ớt vàng_Ớt chuông
040_Screw Pepper_Screw Pepper_Ớt xoắn_Ớt xoắn
041_Green Pepper_Green Pepper_Ớt xanh_Ớt
042_Cayenne Pepper_Cayenne Pepper_Ớt hiểm_Ớt Cayenne
043_Capsicum_Chilli_Ớt chuông_Ớt
044_Green Pepper_Green Pepper_Ớt xanh_Ớt
045_Millet Pepper_Chilli_Ớt chỉ thiên_Ớt
046_Small Green Pepper_Small Green Pepper_Ớt xanh nhỏ_Ớt
047_Hang Pepper_Chilli_Ớt sừng_Ớt
048_Pointed Red Pepper_Chilli_Ớt đỏ nhọn_Ớt
049_Capsicum Frutescens_Chilli_Ớt cay kiểng_Ớt
050_Red Peppers_Red Peppers_Ớt đỏ_Ớt
051_Red Line Pepper_Red Line Pepper_Ớt đỏ sọc_Ớt
052_Green Pepper_Green Pepper_Ớt xanh_Ớt
053_Finger Pepper_Finger Pepper_Ớt ngón tay_Ớt
054_Crispfolia_Crispfolia_Cải xoăn giòn_Cải xoăn giòn
055_Sweet Potato_Sweet Potato_Khoai lang_Khoai lang
056_Soybean Sprouts_Mung Bean Sprouts_Giá đậu nành_Giá đậu nành
057_Chinese Yam_Chinese Yam_Khoai từ_Khoai từ
058_Onion_Onion_Hành tây_Hành tây
059_Chinese Onion_Chinese Onion_Hành tím Trung Quốc_Hành Trung Quốc
060_Hyacinth Bean_Hyacinth Bean_Đậu ván_Đậu ván
061_Horsebean_Horsebean_Đậu tằm_Đậu tằm
062_Green Bean_String bean_Đậu que_Đậu que
063_Peeled Horseshoe_Peeled Horseshoe_Củ năng bóc vỏ_Củ năng bóc vỏ
064_Taro Roots_Taro Roots_Khoai môn_Khoai môn
065_Eggplant_Eggplant_Cà tím_Cà tím
066_Purple Sweet Potato_Sweet Potato_Khoai lang tím_Khoai lang
067_Big Potato_Potato_Khoai tây lớn_Khoai tây
068_Vegetable Lotus Root_Vegetable Lotus Root_Ngó sen rau_Ngó sen rau
069_Bay West_Bay West_Rau bay west_Rau bay west
070_Mungbean Sprout_Mungbean Sprout_Giá đỗ xanh_Giá
071_Scallions_Scallions_Hành lá_Hành lá
072_Potato Tip_Potato Tip_Đọt khoai_Đọt khoai
073_Carrot_Carrot_Cà rốt_Cà rốt
074_Carob_Long bean_Đậu carob_Đậu đũa
075_Potato_Potato_Khoai tây_Khoai tây
076_Dasheen Milk Shake_Taro_Khoai môn sữa_Khoai môn
077_Sweet Broad Pear_Sweet Broad Pear_Lê ngọt lớn_Lê ngọt lớn
078_Asparagus_Asparagus_Măng tây_Măng tây
079_Green Turnip_Green Turnip_Củ cải xanh_Củ cải xanh
080_Asparagus Lettuce_Asparagus Lettuce_Rau diếp cá_Rau diếp ngồng
081_Purple Onion_Purple Onion_Hành tím_Hành tím
082_Peanut_Peanut_Đậu phộng_Đậu phộng
083_Cherry Radish_Cherry Radish_Củ cải đỏ nhỏ_Củ cải đỏ nhỏ
084_Fiddlehead_Fiddlehead_Rau dương xỉ_Rau dương xỉ
085_Okra_Okra_Đậu bắp_Đậu bắp
086_Green Soy Bean_Green Soy Bean_Đậu nành tươi_Đậu nành tươi
087_Pea Sprout_Pea Sprout_Rau mầm đậu hà lan_Rau mầm đậu hà lan
088_Red Radish_Red Radish_Củ cải đỏ_Củ cải đỏ
089_Carrot_Carrot_Cà rốt_Cà rốt
090_Daikon_White Radish_Củ cải trắng_Củ cải trắng
091_Cuke_Cuke_Dưa leo_Dưa leo
092_Balsam Pear_Bitter Melon_Khổ qua_Khổ qua
093_Luffa_Luffa_Mướp_Mướp
094_Tomato_Tomato_Cà chua_Cà chua
095_Pumpkin_Pumpkin_Bí đỏ_Bí rợ
096_White Gourd_White Gourd_Bí đao_Bí đao
097_Cucumber_Cucumber_Dưa chuột_Dưa chuột
098_White Sponge Gourd_White Sponge Gourd_Mướp hương trắng_Mướp hương trắng
099_Spinach_Spinach_Rau chân vịt (cải bó xôi)_Cải bó xôi
100_Flowering Cabbage_Flowering Cabbage_Cải ngồng_Cải ngồng
101_Chinese Kale_Chinese Kale_Cải làn_Cải làn
102_Chinese Cabbage Moss_Chinese Cabbage Moss_Cải bẹ xanh ra hoa_Cải bẹ xanh
103_Amaranthus Tricolor_Amaranthus Tricolor_Dền đỏ_Rau dền
104_Spring Cabbage_Spring Cabbage_Bắp cải mùa xuân_Bắp cải mùa xuân
105_Leek_Leek_Hẹ_Hẹ
106_Hotbed Chives_Hotbed Chives_Hẹ trắng_Hẹ trắng
107_Cabbage_Cabbage_Bắp cải_Bắp cải
108_Water Spinach_Water Spinach_Rau muống_Rau muống
109_Ruccola Salad_Ruccola Salad_Xà lách rocket_Xà lách rocket
110_Lactuca Sativa_Lactuca Sativa_Rau diếp_Rau diếp
111_Coriander_Coriander_Ngò rí_Ngò rí
112_Toona Sinensis_Toona Sinensis_Ngò gai_Ngò gai
113_Cabbage_Cabbage_Bắp cải_Cải thìa
114_Leaf Lettuce_Lettuce_Xà lách lá_Xà lách
115_Purple Cabbage_Purple Cabbage_Bắp cải tím_Bắp cải tím
116_Perilla Leaf_Perilla Leaf_Lá tía tô_Lá tía tô
117_Baby Chinese Cabbage_Baby Chinese Cabbage_Cải thảo non_Cải thảo non
118_Field Lettuce_Lettuce_Rau dền xanh_Xà lách
119_Organic Cauliflower_Cauliflower_Súp lơ hữu cơ_Bông cải trắng
120_Turnip Greens_Turnip Greens_Rau củ cải_Rau củ cải
121_Cauliflower_Cauliflower_Súp lơ trắng_Bông cải trắng
122_Pakchoi Cabbage_Bok Choy_Cải thìa_Cải thìa
123_Guangdong Cabbage_Guangdong Cabbage_Cải ngọt_Cải ngọt
124_Malva Uerticillata_Malva Uerticillata_Rau đay_Rau đay
125_Purple Lettuce_Purple Lettuce_Xà lách tím_Xà lách tím
126_Amaranth_Amaranth_Rau dền_Rau dền
127_Peppermint Leaf_Peppermint Leaf_Lá bạc hà_Lá bạc hà
128_Chinese Cabbage_Chinese Cabbage_Cải thảo_Cải thảo
128_White Sprouts_Chinese Cabbage_Giá đỗ trắng_Cải thảo
130_Lettuce_Lettuce_Xà lách_Xà lách
131_Leaf Mustard_Leaf Mustard_Cải bẹ xanh_Cải bẹ xanh
132_Sweet Potato Leaves_Sweet Potato Leaves_Rau lang_Rau lang
133_Radish Baby Cabbage_Radish Baby Cabbage_Cải non_Cải non
134_Bud Whit_Bud Whit_Giá đỗ trắng nhỏ_Giá đỗ trắng nhỏ
135_Crown Daisy_Crown Daisy_Rau tần ô_Rau tần ô
136_Butterhead_Cabbage_Xà lách búp_Bắp cải
137_Indian Aster_Indian Aster_Cải cúc_Cải cúc
138_Watercress_Watercress_Xà lách xoong_Xà lách xoong
139_Dish Arrangement_Dish Arrangement_Rau trang trí_Rau trang trí
140_Chinese Cabbage_Chinese Cabbage_Cải thảo_Cải thảo
141_Bundled Chicken_Bundled Chicken_Gà bó sẵn_Gà bó sẵn
142_Pickled Cowpea_Pickled Cowpea_Dưa chua đậu cô ve_Dưa chua đậu cô ve
143_Strawberry_Strawberry_Dâu tây_Dâu tây
144_Sugarcane_Sugarcane_Mía_Mía
145_Red Grapes_Red Grapes_Nho đỏ_Nho đỏ
146_Orange_Orange_Cam_Cam
147_Green Kumquat_Kumquat_Quất xanh_Tắc
148_Kaffir Lime_Lime_Chanh kaffir_Chanh
149_Mandarin Orange_Mandarin Orange_Quýt_Quýt
150_Red Grapefruit_Red Grapefruit_Bưởi đỏ_Bưởi đỏ
151_Bingtang Orange_Orange_Cam đường_Cam
152_Dragon Fruit_Dragon Fruit_Thanh long_Thanh long
153_Pineapple_Pineapple_Dứa (thơm)_Dứa
154_Mango_Mango_Xoài_Xoài
155_Banana_Banana_Chuối_Chuối
156_Cherry Tomatoes_Cherry Tomatoes_Cà chua bi_Cà chua bi
157_Kiwi_Kiwi_Kiwi_Kiwi
158_Nectarine_Nectarine_Đào_Đào
159_Cantaloupe_Cantaloupe_Dưa lưới_Dưa lưới
160_Papaya_Papaya_Đu đủ_Đu đủ
161_Watermelon_Watermelon_Dưa hấu_Dưa hấu
162_Gourd_Pumpkin_Bầu_Bí đỏ
163_White Melon_White Melon_Dưa lê_Dưa lê
164_Snow Pear_Snow Pear_Lê tuyết_Lê tuyết
165_Apple_Apple_Táo_Táo
166_Preserved Egg_Preserved Egg_Trứng bắc thảo_Trứng bắc thảo
167_Mutton Chop_Mutton Chop_Sườn cừu_Sườn cừu
168_Black Legged Chicken_Chicken_Gà đen_Gà
169_Qingyuan Chicken_Chicken_Gà quê_Gà
170_Chicken_Chicken_Gà_Gà
171_Chicken Intestine_Chicken Intestine_Ruột gà_Ruột gà
172_Chicken Gizzard_Chicken Gizzard_Mề gà_Mề gà
173_Green Duck_Duck_Vịt cỏ_Vịt
174_Old Duck_Duck_Vịt già_Vịt
175_Squab_Squab_Chim cút_Chim cút
176_Butter Hen_Chicken_Gà mái dầu_Gà
177_Sheldrake_Duck_Le le_Vịt
178_Duck Blood_Duck Blood_Tiết vịt_Duck Blood
179_Sour Sauce Chicken_Chicken_Gà chua ngọt_Gà
180_Roost_Chicken_Gà trống_Gà trống
181_Black-bone Chicken_Black Chicken_Gà ác_Gà ác
182_Gallus Gallus Domesticus_Chicken_Gà ta_Gà
183_Chicken Breast_Chicken_Ức gà_Gà
184_Chicken Heart-shaped_Chicken Heart_Tim gà_Tim gà
185_White Duck_Duck_Vịt trắng_Vịt
186_Peking Duck_Duck_Vịt quay Bắc Kinh_Vịt
187_Ox Heart_Beef Heart_Tim bò_Tim bò
188_Tendons Of Beef_Tendons Of Beef_Gân bò_Gân bò
189_Niu Ling_Niu Ling_Lưỡi bò_Lưỡi bò
190_Beef Shank_Beef_Bắp bò_Thịt bò
191_Rump Steak_Beef_Thăn bò_Thịt bò
192_Beef_Beef_Thịt bò_Thịt bò
193_Tripes_Tripes_Sách bò_Sách bò
194_Pork Liver_Pork Liver_Gan heo_Gan heo
195_Pig Tongue_Pork Tongue_Lưỡi heo_Lưỡi heo
196_Pig Blood_Pork Blood_Tiết heo_Tiết heo
197_Mud_Mud_Bùn (không rõ)_Bùn (không rõ)
198_Baby Back Rib_Prok Ribs_Sườn non heo_Sườn heo
199_Chitling Chitterlings_Chitling Chitterlings_Lòng non heo_Ruột heo
200_Floral Pork_Floral Pork_Thịt heo nạc mỡ_Thịt heo nạc mỡ
201_Hindquarte_Hindquarte_Đùi heo_Đùi heo
202_Pork Belly_Pork Belly_Ba chỉ heo_Ba chỉ heo
203_Pork Keel_Pork Keel_Sụn heo_Sụn heo
204_Pork Shank_Pork Shank_Chân giò heo_Khoanh giò heo
205_Frozen Fat_Frozen Fat_Mỡ heo đông lạnh_Mỡ heo đông lạnh
206_Fresh Pig Hand_Fresh Pig Hand_Chân giò heo tươi_Chân giò heo tươi
207_Pork Head_Pork Head_Đầu heo_Đầu heo
208_Tenderloin_Tenderloin_Thăn heo_Thăn heo
209_Pork Chops_Prok Ribs_Sườn heo_Sườn heo
210_Shredded Meat_Ground Pork_Thịt heo băm_Thịt heo xay
211_Fat Meat_Fat Meat_Mỡ heo_Mỡ heo
212_Emberiza Elegans_Emberiza Elegans_Chim sẻ_Chim sẻ
213_Pork Kidney_Pork Kidney_Cật heo_Cật heo
214_Pig Brain_Pork Brain_Óc heo_Óc heo
215_Pork Belly_Pork Stomach_Ba chỉ heo_Bao tử heo
216_Ear Sharp Meat_Ear Sharp Meat_Thịt đầu heo_Thịt đầu heo
217_Peeled Pork_Peeled Pork_Da heo_Da heo
218_Marrowbone_Pork Bones_Xương ống heo_Xương heo
219_Pig's Tail_Pork Tail_Đuôi heo_Đuôi heo
220_King Crab_Crab_Cua hoàng đế_Cua
221_Scallop_Scallop_Sò điệp_Sò điệp
222_Flower Snails_Flower Snails_Ốc hương_Ốc hương
223_Squid With Water_Squid_Mực tươi_Mực
224_Fresh Oyster_Oyster_Hàu sống_Hàu
225_Dungeness Crab_Crab_Cua Dungeness_Cua
226_Sturgeon_Fish_Cá tầm_Cá
227_Red Shrimp_Shrimp_Tôm đỏ_Tôm
228_Snail Muscles_Snail Muscles_Thịt ốc_Thịt ốc
229_Sesame Snail_Horn Snail_Ốc móng tay_Ốc điếu
230_Octopus_Octopus_Bạch tuộc_Bạch tuộc
231_Field-snail-meat_Field-snail-meat_Ốc bươu_Ốc bươu
232_Fish Head_Fish Head_Đầu cá_Đầu cá
233_Fish Vesicle_Fish Vesicle_Bong bóng cá_Bong bóng cá
234_Native Fish Seed_Native Fish Seed_Cá giống_Cá giống
235_Salmon_Salmon_Cá hồi_Cá hồi
236_Fish Tail_Fish Tail_Đuôi cá_Đuôi cá
237_Mussel Meat_Mussel Meat_Thịt vẹm_Thịt vẹm
238_Abalone_Abalone_Bào ngư_Bào ngư
239_Scallop_Scallop_Sò điệp_Sò điệp
240_Clam_Clam_Nghêu_Nghêu
241_Sea Cucumber_Sea Cucumber_Hải sâm_Hải sâm
242_Venerupis_Venerupis_Nghêu lụa_Nghêu lụa
243_Oyster_Oyster_Hàu_Hàu
244_Geoduck_Geoduck_Tu hài_Ốc vòi voi
245_Fish Maw_Fish Maw_Bong bóng cá_Bong bóng cá
246_Collichthys Lucidus_Collichthys Lucidus_Cá đường_Cá đường
247_Sea Cucumber_Sea Cucumber_Hải sâm_Hải sâm
248_Kelp Kink_Seaweed_Rong biển cuộn_Rong biển
249_Bullfrog_Frog_Ếch_Ếch
250_Grass Carp_Carp_Cá chép cỏ_Cá chép
251_Male Fish_Fish_Cá đực_Cá
252_Squid_Fish_Mực_Cá
253_Mandarin Fish_Fish_Cá lóc_Cá
254_Scorpion Fish_Fish_Cá bống mú_Cá
255_Whitebait_Whitebait_Cá cơm_Cá cơm
256_Grouper_Grouper_Cá mú_Cá mú
257_Turbot_Turbot_Cá bơn_Cá bơn
258_Bass_Fish_Cá bass_Cá
259_Harpodon Nehereus_Fish_Cá lìm kìm_Cá
260_Crayfish_Shrimp_Tôm càng_Tôm
261_River Shrimp_Shrimp_Tép sông_Tôm
262_Pelteobagrus Fulvidraco_Fish_Cá lăng_Cá
263_Small Crab_Crab_Cua nhỏ_Cua
264_Mandarin Fish_Fish_Cá lóc_Cá
265_Turtle_Turtle_Ba ba_Ba ba
266_Flower Armor_Flower Armor_Cá giáp hoa_Cá giáp hoa
267_Yellow Croaker_Fish_Cá hồng_Cá
268_Soft-shelled Turtle_Turtle_Ba ba mềm_Ba ba
269_Shrimp_Shrimp_Tôm_Tôm
270_Sadded Bream_Fish_Cá bream_Cá
271_Eel-pieces_Eel-pieces_Lươn cắt khúc_Lươn cắt khúc
272_Prawn_Shrimp_Tôm sú_Tôm
273_King Crab_King Crab_Cua hoàng đế_Cua hoàng đế
274_Clam_Clam_Nghêu_Nghêu
275_Fortune Fish_Snakehead Fish_Cá may mắn_Cá lóc
276_Bullhead_Fish_Cá trê_Cá
277_White Clam Mactra_Clam_Nghêu trắng_Nghêu
278_Roche Shrimp_Shrimp_Tôm roche_Tôm
279_Snow Crab_Crab_Cua tuyết_Cua
280_River Eel_Eel_Lươn sông_Lươn
281_Spicy Snails_Spicy Snails_Ốc cay_Ốc cay
282_Black Fish_Catfish_Cá rô đen_Cá trê
283_Pomfret_Pomfret_Cá chim_Cá chim
284_Razor Clam_Razor Clam_Sò huyết_Sò huyết
285_Arkshell_Arkshell_Sò lông_Sò lông
286_Mullet_Fish_Cá đối_Cá
287_Nine Shrimp_Shrimp_Tép biển_Tôm
288_Brown-marbled Grouper_Grouper_Cá mú hoa nâu_Cá mú
289_Carp_Carp_Cá chép_Cá chép
290_Silvercarp_Fish_Cá mè_Cá
291_Pan-Fried Mackerel_Mackerel_Cá thu chiên_Cá thu
292_Mud Fish_Fish_Cá lóc bùn_Cá
293_Mussel_Mussel_Vẹm_Sò
294_Marble Goby_Fish_Cá bống tượng_Cá
295_Giant Salamander_Giant Salamander_Kỳ nhông khổng lồ_Kỳ nhông khổng lồ
296_Lunatia Gilva_Lunatia Gilva_Ốc núi vàng_Ốc núi vàng
297_Mudskipper_Fish_Cá thòi lòi_Cá
298_Glossy Ganoderma_Glossy Ganoderma_Nấm linh chi_Nấm linh chi
299_Zizania Latifolia (Griseb.) Stapf_Zizania Latifolia (Griseb.) Stapf_Cỏ lác (lúa lác)_Cỏ lác (lúa lác)
300_Corn_Corn_Bắp (ngô)_Bắp